<?xml version='1.0' encoding='UTF-8' standalone='yes' ?>
<PROJECT IID="1" BUILDPATH="C:/Users/nicoleb/AppData/Local/Temp/ae4bc89050114527a5abf23849f61716/8086" VERSION="805" NAME="8086" CONFIGURATION="Debug">
 <FILES ATTACH="1">
  <FILE ATTACH="1" GROUP="Source Files" NAME="8086/main.c"/>
  <FILE ATTACH="1" GROUP="Source Files" NAME="8086/rtl.asm"/>
  <FILE ATTACH="1" GROUP="Firmware Files" NAME="8086/Debug/Debug.exe" FIRMWARE="1"/>
 </FILES>
 <CONFIGURATION CRC="bb35216b6cd446605a7f09a7e3935590" TARGET="Debug" COMPILER="Digital Mars C" NAME="Debug">
  <CONTROLLER FAMILY="8086" TYPE="8086"/>
  <FILE TOOL="LD" NAME="8086/Debug/Debug.exe">
   <FILE TOOL="CC" NAME="8086/Debug/main.obj">
    <FILE NAME="8086/main.c"/>
   </FILE>
   <FILE TOOL="ASM" NAME="8086/Debug/rtl.obj">
    <FILE NAME="8086/rtl.asm"/>
   </FILE>
  </FILE>
  <OPTION DEFAULT="1" TOOL="LD" NAME="/CO"/>
  <OPTION DEFAULT="1" TOOL="LD" NAME="/NODEF:" VALUE="SDS"/>
  <OPTION DEFAULT="1" TOOL="CC" NAME="-g"/>
  <OPTION DEFAULT="1" TOOL="CC" NAME="-ms"/>
  <OPTION DEFAULT="1" TOOL="CC" NAME="-0"/>
  <OPTION DEFAULT="1" TOOL="CC" NAME="-c"/>
  <OPTION DEFAULT="1" TOOL="ASM" NAME="/c"/>
 </CONFIGURATION>
 <CONFIGURATION CRC="bb35216b6cd446605a7f09a7e3935590" TARGET="Release" COMPILER="Digital Mars C" NAME="Release">
  <CONTROLLER FAMILY="8086" TYPE="8086"/>
  <FILE TOOL="LD">
   <FILE TOOL="CC">
    <FILE NAME="8086/main.c"/>
   </FILE>
   <FILE TOOL="ASM">
    <FILE NAME="8086/rtl.asm"/>
   </FILE>
  </FILE>
  <OPTION DEFAULT="1" TOOL="LD" NAME="/CO"/>
  <OPTION DEFAULT="1" TOOL="LD" NAME="/NODEF:" VALUE="SDS"/>
  <OPTION DEFAULT="1" TOOL="CC" NAME="-g"/>
  <OPTION DEFAULT="1" TOOL="CC" NAME="-ms"/>
  <OPTION DEFAULT="1" TOOL="CC" NAME="-0"/>
  <OPTION DEFAULT="1" TOOL="CC" NAME="-c"/>
  <OPTION DEFAULT="1" TOOL="ASM" NAME="/c"/>
 </CONFIGURATION>
</PROJECT>
